"breed","sub-breed","image"
"affenpinscher","","https://images.dog.ceo/breeds/affenpinscher/n02110627_10185.jpg"
"affenpinscher","","https://images.dog.ceo/breeds/affenpinscher/n02110627_10437.jpg"
"affenpinscher","","https://images.dog.ceo/breeds/affenpinscher/n02110627_10439.jpg"
"affenpinscher","","https://images.dog.ceo/breeds/affenpinscher/n02110627_10680.jpg"
"affenpinscher","","https://images.dog.ceo/breeds/affenpinscher/n02110627_10787.jpg"
"affenpinscher","","https://images.dog.ceo/breeds/affenpinscher/n02110627_10848.jpg"
"affenpinscher","","https://images.dog.ceo/breeds/affenpinscher/n02110627_10859.jpg"
"affenpinscher","","https://images.dog.ceo/breeds/affenpinscher/n02110627_10986.jpg"
"affenpinscher","","https://images.dog.ceo/breeds/affenpinscher/n02110627_11211.jpg"
"affenpinscher","","https://images.dog.ceo/breeds/affenpinscher/n02110627_11262.jpg"
"affenpinscher","","https://images.dog.ceo/breeds/affenpinscher/n02110627_11279.jpg"
"affenpinscher","","https://images.dog.ceo/breeds/affenpinscher/n02110627_11283.jpg"
"affenpinscher","","https://images.dog.ceo/breeds/affenpinscher/n02110627_11345.jpg"
"affenpinscher","","https://images.dog.ceo/breeds/affenpinscher/n02110627_11365.jpg"
"affenpinscher","","https://images.dog.ceo/breeds/affenpinscher/n02110627_11422.jpg"
"affenpinscher","","https://images.dog.ceo/breeds/affenpinscher/n02110627_11435.jpg"
"affenpinscher","","https://images.dog.ceo/breeds/affenpinscher/n02110627_11584.jpg"
"affenpinscher","","https://images.dog.ceo/breeds/affenpinscher/n02110627_11614.jpg"
"affenpinscher","","https://images.dog.ceo/breeds/affenpinscher/n02110627_11620.jpg"
"affenpinscher","","https://images.dog.ceo/breeds/affenpinscher/n02110627_11657.jpg"
"affenpinscher","","https://images.dog.ceo/breeds/affenpinscher/n02110627_11663.jpg"
"affenpinscher","","https://images.dog.ceo/breeds/affenpinscher/n02110627_11759.jpg"
"affenpinscher","","https://images.dog.ceo/breeds/affenpinscher/n02110627_11782.jpg"
"affenpinscher","","https://images.dog.ceo/breeds/affenpinscher/n02110627_11783.jpg"
"affenpinscher","","https://images.dog.ceo/breeds/affenpinscher/n02110627_11798.jpg"
"affenpinscher","","https://images.dog.ceo/breeds/affenpinscher/n02110627_11811.jpg"
"affenpinscher","","https://images.dog.ceo/breeds/affenpinscher/n02110627_11819.jpg"
"affenpinscher","","https://images.dog.ceo/breeds/affenpinscher/n02110627_11853.jpg"
"affenpinscher","","https://images.dog.ceo/breeds/affenpinscher/n02110627_11858.jpg"
"affenpinscher","","https://images.dog.ceo/breeds/affenpinscher/n02110627_11875.jpg"
"affenpinscher","","https://images.dog.ceo/breeds/affenpinscher/n02110627_11942.jpg"
"affenpinscher","","https://images.dog.ceo/breeds/affenpinscher/n02110627_12003.jpg"
"affenpinscher","","https://images.dog.ceo/breeds/affenpinscher/n02110627_12025.jpg"
"affenpinscher","","https://images.dog.ceo/breeds/affenpinscher/n02110627_12070.jpg"
"affenpinscher","","https://images.dog.ceo/breeds/affenpinscher/n02110627_12077.jpg"
"affenpinscher","","https://images.dog.ceo/breeds/affenpinscher/n02110627_12227.jpg"
"affenpinscher","","https://images.dog.ceo/breeds/affenpinscher/n02110627_12272.jpg"
"affenpinscher","","https://images.dog.ceo/breeds/affenpinscher/n02110627_12391.jpg"
"affenpinscher","","https://images.dog.ceo/breeds/affenpinscher/n02110627_12431.jpg"
"affenpinscher","","https://images.dog.ceo/breeds/affenpinscher/n02110627_12512.jpg"
"affenpinscher","","https://images.dog.ceo/breeds/affenpinscher/n02110627_12556.jpg"
"affenpinscher","","https://images.dog.ceo/breeds/affenpinscher/n02110627_12579.jpg"
"affenpinscher","","https://images.dog.ceo/breeds/affenpinscher/n02110627_12676.jpg"
"affenpinscher","","https://images.dog.ceo/breeds/affenpinscher/n02110627_12808.jpg"
"affenpinscher","","https://images.dog.ceo/breeds/affenpinscher/n02110627_12819.jpg"
"affenpinscher","","https://images.dog.ceo/breeds/affenpinscher/n02110627_12893.jpg"
"affenpinscher","","https://images.dog.ceo/breeds/affenpinscher/n02110627_12913.jpg"
"affenpinscher","","https://images.dog.ceo/breeds/affenpinscher/n02110627_12938.jpg"
"affenpinscher","","https://images.dog.ceo/breeds/affenpinscher/n02110627_12973.jpg"
"affenpinscher","","https://images.dog.ceo/breeds/affenpinscher/n02110627_12997.jpg"
"affenpinscher","","https://images.dog.ceo/breeds/affenpinscher/n02110627_13014.jpg"
"affenpinscher","","https://images.dog.ceo/breeds/affenpinscher/n02110627_13020.jpg"
"affenpinscher","","https://images.dog.ceo/breeds/affenpinscher/n02110627_13060.jpg"
"affenpinscher","","https://images.dog.ceo/breeds/affenpinscher/n02110627_13210.jpg"
"affenpinscher","","https://images.dog.ceo/breeds/affenpinscher/n02110627_13211.jpg"
"affenpinscher","","https://images.dog.ceo/breeds/affenpinscher/n02110627_13221.jpg"
"affenpinscher","","https://images.dog.ceo/breeds/affenpinscher/n02110627_13417.jpg"
"affenpinscher","","https://images.dog.ceo/breeds/affenpinscher/n02110627_13420.jpg"
"affenpinscher","","https://images.dog.ceo/breeds/affenpinscher/n02110627_13453.jpg"
"affenpinscher","","https://images.dog.ceo/breeds/affenpinscher/n02110627_13499.jpg"
"affenpinscher","","https://images.dog.ceo/breeds/affenpinscher/n02110627_13553.jpg"
"affenpinscher","","https://images.dog.ceo/breeds/affenpinscher/n02110627_13567.jpg"
"affenpinscher","","https://images.dog.ceo/breeds/affenpinscher/n02110627_13590.jpg"
"affenpinscher","","https://images.dog.ceo/breeds/affenpinscher/n02110627_13662.jpg"
"affenpinscher","","https://images.dog.ceo/breeds/affenpinscher/n02110627_13710.jpg"
"affenpinscher","","https://images.dog.ceo/breeds/affenpinscher/n02110627_1387.jpg"
"affenpinscher","","https://images.dog.ceo/breeds/affenpinscher/n02110627_13939.jpg"
"affenpinscher","","https://images.dog.ceo/breeds/affenpinscher/n02110627_1446.jpg"
"affenpinscher","","https://images.dog.ceo/breeds/affenpinscher/n02110627_1559.jpg"
"affenpinscher","","https://images.dog.ceo/breeds/affenpinscher/n02110627_1581.jpg"
"affenpinscher","","https://images.dog.ceo/breeds/affenpinscher/n02110627_1844.jpg"
"affenpinscher","","https://images.dog.ceo/breeds/affenpinscher/n02110627_1966.jpg"
"affenpinscher","","https://images.dog.ceo/breeds/affenpinscher/n02110627_2157.jpg"
"affenpinscher","","https://images.dog.ceo/breeds/affenpinscher/n02110627_2327.jpg"
"affenpinscher","","https://images.dog.ceo/breeds/affenpinscher/n02110627_233.jpg"
"affenpinscher","","https://images.dog.ceo/breeds/affenpinscher/n02110627_2383.jpg"
"affenpinscher","","https://images.dog.ceo/breeds/affenpinscher/n02110627_2416.jpg"
"affenpinscher","","https://images.dog.ceo/breeds/affenpinscher/n02110627_2748.jpg"
"affenpinscher","","https://images.dog.ceo/breeds/affenpinscher/n02110627_2894.jpg"
"affenpinscher","","https://images.dog.ceo/breeds/affenpinscher/n02110627_2911.jpg"
"affenpinscher","","https://images.dog.ceo/breeds/affenpinscher/n02110627_2997.jpg"
"affenpinscher","","https://images.dog.ceo/breeds/affenpinscher/n02110627_3001.jpg"
"affenpinscher","","https://images.dog.ceo/breeds/affenpinscher/n02110627_3026.jpg"
"affenpinscher","","https://images.dog.ceo/breeds/affenpinscher/n02110627_3032.jpg"
"affenpinscher","","https://images.dog.ceo/breeds/affenpinscher/n02110627_3144.jpg"
"affenpinscher","","https://images.dog.ceo/breeds/affenpinscher/n02110627_3246.jpg"
"affenpinscher","","https://images.dog.ceo/breeds/affenpinscher/n02110627_3286.jpg"
"affenpinscher","","https://images.dog.ceo/breeds/affenpinscher/n02110627_3409.jpg"
"affenpinscher","","https://images.dog.ceo/breeds/affenpinscher/n02110627_3730.jpg"
"affenpinscher","","https://images.dog.ceo/breeds/affenpinscher/n02110627_3841.jpg"
"affenpinscher","","https://images.dog.ceo/breeds/affenpinscher/n02110627_3972.jpg"
"affenpinscher","","https://images.dog.ceo/breeds/affenpinscher/n02110627_4086.jpg"
"affenpinscher","","https://images.dog.ceo/breeds/affenpinscher/n02110627_4130.jpg"
"affenpinscher","","https://images.dog.ceo/breeds/affenpinscher/n02110627_4433.jpg"
"affenpinscher","","https://images.dog.ceo/breeds/affenpinscher/n02110627_4457.jpg"
"affenpinscher","","https://images.dog.ceo/breeds/affenpinscher/n02110627_4597.jpg"
"affenpinscher","","https://images.dog.ceo/breeds/affenpinscher/n02110627_4607.jpg"
"affenpinscher","","https://images.dog.ceo/breeds/affenpinscher/n02110627_475.jpg"
"affenpinscher","","https://images.dog.ceo/breeds/affenpinscher/n02110627_5186.jpg"
"affenpinscher","","https://images.dog.ceo/breeds/affenpinscher/n02110627_5361.jpg"
"affenpinscher","","https://images.dog.ceo/breeds/affenpinscher/n02110627_5522.jpg"
"affenpinscher","","https://images.dog.ceo/breeds/affenpinscher/n02110627_5743.jpg"
"affenpinscher","","https://images.dog.ceo/breeds/affenpinscher/n02110627_6069.jpg"
"affenpinscher","","https://images.dog.ceo/breeds/affenpinscher/n02110627_6310.jpg"
"affenpinscher","","https://images.dog.ceo/breeds/affenpinscher/n02110627_641.jpg"
"affenpinscher","","https://images.dog.ceo/breeds/affenpinscher/n02110627_6414.jpg"
"affenpinscher","","https://images.dog.ceo/breeds/affenpinscher/n02110627_6670.jpg"
"affenpinscher","","https://images.dog.ceo/breeds/affenpinscher/n02110627_6796.jpg"
"affenpinscher","","https://images.dog.ceo/breeds/affenpinscher/n02110627_6811.jpg"
"affenpinscher","","https://images.dog.ceo/breeds/affenpinscher/n02110627_6842.jpg"
"affenpinscher","","https://images.dog.ceo/breeds/affenpinscher/n02110627_6869.jpg"
"affenpinscher","","https://images.dog.ceo/breeds/affenpinscher/n02110627_6965.jpg"
"affenpinscher","","https://images.dog.ceo/breeds/affenpinscher/n02110627_6991.jpg"
"affenpinscher","","https://images.dog.ceo/breeds/affenpinscher/n02110627_7013.jpg"
"affenpinscher","","https://images.dog.ceo/breeds/affenpinscher/n02110627_7065.jpg"
"affenpinscher","","https://images.dog.ceo/breeds/affenpinscher/n02110627_735.jpg"
"affenpinscher","","https://images.dog.ceo/breeds/affenpinscher/n02110627_7404.jpg"
"affenpinscher","","https://images.dog.ceo/breeds/affenpinscher/n02110627_7612.jpg"
"affenpinscher","","https://images.dog.ceo/breeds/affenpinscher/n02110627_7680.jpg"
"affenpinscher","","https://images.dog.ceo/breeds/affenpinscher/n02110627_7694.jpg"
"affenpinscher","","https://images.dog.ceo/breeds/affenpinscher/n02110627_7770.jpg"
"affenpinscher","","https://images.dog.ceo/breeds/affenpinscher/n02110627_8033.jpg"
"affenpinscher","","https://images.dog.ceo/breeds/affenpinscher/n02110627_8071.jpg"
"affenpinscher","","https://images.dog.ceo/breeds/affenpinscher/n02110627_8099.jpg"
"affenpinscher","","https://images.dog.ceo/breeds/affenpinscher/n02110627_8250.jpg"
"affenpinscher","","https://images.dog.ceo/breeds/affenpinscher/n02110627_8519.jpg"p
"affenpinscher","","https://images.dog.ceo/breeds/affenpinscher/n02110627_8621.jpg"
"affenpinscher","","https://images.dog.ceo/breeds/affenpinscher/n02110627_8695.jpg"
"affenpinscher","","https://images.dog.ceo/breeds/affenpinscher/n02110627_8714.jpg"
"affenpinscher","","https://images.dog.ceo/breeds/affenpinscher/n02110627_8856.jpg"
"affenpinscher","","https://images.dog.ceo/breeds/affenpinscher/n02110627_8949.jpg"
"affenpinscher","","https://images.dog.ceo/breeds/affenpinscher/n02110627_946.jpg"
"affenpinscher","","https://images.dog.ceo/breeds/affenpinscher/n02110627_9634.jpg"
"affenpinscher","","https://images.dog.ceo/breeds/affenpinscher/n02110627_9822.jpg"
"australian","shepherd","https://images.dog.ceo/breeds/australian-shepherd/forest.jpg"
"australian","shepherd","https://images.dog.ceo/breeds/australian-shepherd/leroy.jpg"
"australian","shepherd","https://images.dog.ceo/breeds/australian-shepherd/pepper.jpg"
"australian","shepherd","https://images.dog.ceo/breeds/australian-shepherd/pepper2.jpg"
"australian","shepherd","https://images.dog.ceo/breeds/australian-shepherd/sadie.jpg"
"bulldog","boston","https://images.dog.ceo/breeds/bulldog-boston/20200710_175933.jg"
"bulldog","boston","https://images.dog.ceo/breeds/bulldog-boston/20200710_175944.jg"
"bulldog","boston","https://images.dog.ceo/breeds/bulldog-boston/n02096585_10380.jg"
"bulldog","boston","https://images.dog.ceo/breeds/bulldog-boston/n02096585_10452.jg"
"bulldog","boston","https://images.dog.ceo/breeds/bulldog-boston/n02096585_10596.jg"
"bulldog","boston","https://images.dog.ceo/breeds/bulldog-boston/n02096585_10604.jg"
"bulldog","boston","https://images.dog.ceo/breeds/bulldog-boston/n02096585_1069.jg"
"bulldog","boston","https://images.dog.ceo/breeds/bulldog-boston/n02096585_10734.jg"
"bulldog","boston","https://images.dog.ceo/breeds/bulldog-boston/n02096585_10768.jg"
"bulldog","boston","https://images.dog.ceo/breeds/bulldog-boston/n02096585_10823.jg"
"bulldog","boston","https://images.dog.ceo/breeds/bulldog-boston/n02096585_10846.jg"
"bulldog","boston","https://images.dog.ceo/breeds/bulldog-boston/n02096585_11180.jg"
"bulldog","boston","https://images.dog.ceo/breeds/bulldog-boston/n02096585_11417.jg"
"bulldog","boston","https://images.dog.ceo/breeds/bulldog-boston/n02096585_11427.jg"
"bulldog","boston","https://images.dog.ceo/breeds/bulldog-boston/n02096585_1143.jg"
"bulldog","boston","https://images.dog.ceo/breeds/bulldog-boston/n02096585_11476.jg"
"bulldog","boston","https://images.dog.ceo/breeds/bulldog-boston/n02096585_11614.jg"
"bulldog","boston","https://images.dog.ceo/breeds/bulldog-boston/n02096585_1172.jg"
"bulldog","boston","https://images.dog.ceo/breeds/bulldog-boston/n02096585_11731.jg"
"bulldog","boston","https://images.dog.ceo/breeds/bulldog-boston/n02096585_11776.jg"
"bulldog","boston","https://images.dog.ceo/breeds/bulldog-boston/n02096585_1179.jg"
"bulldog","boston","https://images.dog.ceo/breeds/bulldog-boston/n02096585_11808.jg"
"bulldog","boston","https://images.dog.ceo/breeds/bulldog-boston/n02096585_11817.jg"
"bulldog","boston","https://images.dog.ceo/breeds/bulldog-boston/n02096585_1207.jg"
"bulldog","boston","https://images.dog.ceo/breeds/bulldog-boston/n02096585_12168.jg"
"bulldog","boston","https://images.dog.ceo/breeds/bulldog-boston/n02096585_12352.jg"
"bulldog","boston","https://images.dog.ceo/breeds/bulldog-boston/n02096585_12362.jg"
"bulldog","boston","https://images.dog.ceo/breeds/bulldog-boston/n02096585_12372.jg"
"bulldog","boston","https://images.dog.ceo/breeds/bulldog-boston/n02096585_12374.jg"
"bulldog","boston","https://images.dog.ceo/breeds/bulldog-boston/n02096585_12464.jg"
"bulldog","boston","https://images.dog.ceo/breeds/bulldog-boston/n02096585_1260.jg"
"bulldog","boston","https://images.dog.ceo/breeds/bulldog-boston/n02096585_12716.jg"
"bulldog","boston","https://images.dog.ceo/breeds/bulldog-boston/n02096585_12776.jg"
"bulldog","boston","https://images.dog.ceo/breeds/bulldog-boston/n02096585_1281.jg"
"bulldog","boston","https://images.dog.ceo/breeds/bulldog-boston/n02096585_12825.jg"
"bulldog","boston","https://images.dog.ceo/breeds/bulldog-boston/n02096585_12844.jg"
"bulldog","boston","https://images.dog.ceo/breeds/bulldog-boston/n02096585_12880.jg"
"bulldog","boston","https://images.dog.ceo/breeds/bulldog-boston/n02096585_1295.jg"
"bulldog","boston","https://images.dog.ceo/breeds/bulldog-boston/n02096585_1311.jg"
"bulldog","boston","https://images.dog.ceo/breeds/bulldog-boston/n02096585_1313.jg"
"bulldog","boston","https://images.dog.ceo/breeds/bulldog-boston/n02096585_1347.jg"
"bulldog","boston","https://images.dog.ceo/breeds/bulldog-boston/n02096585_1403.jg"
"bulldog","boston","https://images.dog.ceo/breeds/bulldog-boston/n02096585_1439.jg"
"bulldog","boston","https://images.dog.ceo/breeds/bulldog-boston/n02096585_1449.jg"
"bulldog","boston","https://images.dog.ceo/breeds/bulldog-boston/n02096585_145.jg"
"bulldog","boston","https://images.dog.ceo/breeds/bulldog-boston/n02096585_1450.jg"
"bulldog","boston","https://images.dog.ceo/breeds/bulldog-boston/n02096585_1525.jg"
"bulldog","boston","https://images.dog.ceo/breeds/bulldog-boston/n02096585_1532.jg"
"bulldog","boston","https://images.dog.ceo/breeds/bulldog-boston/n02096585_1559.jg"
"bulldog","boston","https://images.dog.ceo/breeds/bulldog-boston/n02096585_1562.jg"
"bulldog","boston","https://images.dog.ceo/breeds/bulldog-boston/n02096585_1568.jg"
"bulldog","boston","https://images.dog.ceo/breeds/bulldog-boston/n02096585_1571.jg"
"bulldog","boston","https://images.dog.ceo/breeds/bulldog-boston/n02096585_1572.jg"
"bulldog","boston","https://images.dog.ceo/breeds/bulldog-boston/n02096585_1583.jg"
"bulldog","boston","https://images.dog.ceo/breeds/bulldog-boston/n02096585_1586.jg"
"bulldog","boston","https://images.dog.ceo/breeds/bulldog-boston/n02096585_1624.jg"
"bulldog","boston","https://images.dog.ceo/breeds/bulldog-boston/n02096585_1645.jg"
"bulldog","boston","https://images.dog.ceo/breeds/bulldog-boston/n02096585_1668.jg"
"bulldog","boston","https://images.dog.ceo/breeds/bulldog-boston/n02096585_169.jg"
"bulldog","boston","https://images.dog.ceo/breeds/bulldog-boston/n02096585_1692.jg"
"bulldog","boston","https://images.dog.ceo/breeds/bulldog-boston/n02096585_1737.jg"
"bulldog","boston","https://images.dog.ceo/breeds/bulldog-boston/n02096585_1753.jg"
"bulldog","boston","https://images.dog.ceo/breeds/bulldog-boston/n02096585_1756.jg"
"bulldog","boston","https://images.dog.ceo/breeds/bulldog-boston/n02096585_1761.jg"
"bulldog","boston","https://images.dog.ceo/breeds/bulldog-boston/n02096585_1775.jg"
"bulldog","boston","https://images.dog.ceo/breeds/bulldog-boston/n02096585_1856.jg"
"bulldog","boston","https://images.dog.ceo/breeds/bulldog-boston/n02096585_19.jg"
"bulldog","boston","https://images.dog.ceo/breeds/bulldog-boston/n02096585_1924.jg"
"bulldog","boston","https://images.dog.ceo/breeds/bulldog-boston/n02096585_1947.jg"
"bulldog","boston","https://images.dog.ceo/breeds/bulldog-boston/n02096585_1952.jg"
"bulldog","boston","https://images.dog.ceo/breeds/bulldog-boston/n02096585_1963.jg"
"bulldog","boston","https://images.dog.ceo/breeds/bulldog-boston/n02096585_1970.jg"
"bulldog","boston","https://images.dog.ceo/breeds/bulldog-boston/n02096585_1992.jg"
"bulldog","boston","https://images.dog.ceo/breeds/bulldog-boston/n02096585_2008.jg"
"bulldog","boston","https://images.dog.ceo/breeds/bulldog-boston/n02096585_2042.jg"
"bulldog","boston","https://images.dog.ceo/breeds/bulldog-boston/n02096585_2082.jg"
"bulldog","boston","https://images.dog.ceo/breeds/bulldog-boston/n02096585_2098.jg"
"bulldog","boston","https://images.dog.ceo/breeds/bulldog-boston/n02096585_210.jg"
"bulldog","boston","https://images.dog.ceo/breeds/bulldog-boston/n02096585_2108.jg"
"bulldog","boston","https://images.dog.ceo/breeds/bulldog-boston/n02096585_2177.jg"
"bulldog","boston","https://images.dog.ceo/breeds/bulldog-boston/n02096585_2180.jg"
"bulldog","boston","https://images.dog.ceo/breeds/bulldog-boston/n02096585_2260.jg"
"bulldog","boston","https://images.dog.ceo/breeds/bulldog-boston/n02096585_2354.jg"
"bulldog","boston","https://images.dog.ceo/breeds/bulldog-boston/n02096585_237.jg"
"bulldog","boston","https://images.dog.ceo/breeds/bulldog-boston/n02096585_2374.jg"
"bulldog","boston","https://images.dog.ceo/breeds/bulldog-boston/n02096585_2379.jg"
"bulldog","boston","https://images.dog.ceo/breeds/bulldog-boston/n02096585_2394.jg"
"bulldog","boston","https://images.dog.ceo/breeds/bulldog-boston/n02096585_2419.jg"
"bulldog","boston","https://images.dog.ceo/breeds/bulldog-boston/n02096585_2431.jg"
"bulldog","boston","https://images.dog.ceo/breeds/bulldog-boston/n02096585_2450.jg"
"bulldog","boston","https://images.dog.ceo/breeds/bulldog-boston/n02096585_2493.jg"
"bulldog","boston","https://images.dog.ceo/breeds/bulldog-boston/n02096585_2513.jg"
"bulldog","boston","https://images.dog.ceo/breeds/bulldog-boston/n02096585_2560.jg"
"bulldog","boston","https://images.dog.ceo/breeds/bulldog-boston/n02096585_2583.jg"
"bulldog","boston","https://images.dog.ceo/breeds/bulldog-boston/n02096585_2671.jg"
"bulldog","boston","https://images.dog.ceo/breeds/bulldog-boston/n02096585_2696.jg"
"bulldog","boston","https://images.dog.ceo/breeds/bulldog-boston/n02096585_2725.jg"
"bulldog","boston","https://images.dog.ceo/breeds/bulldog-boston/n02096585_2727.jg"
"bulldog","boston","https://images.dog.ceo/breeds/bulldog-boston/n02096585_2800.jg"
"bulldog","boston","https://images.dog.ceo/breeds/bulldog-boston/n02096585_2809.jg"
"bulldog","boston","https://images.dog.ceo/breeds/bulldog-boston/n02096585_2821.jg"
"bulldog","boston","https://images.dog.ceo/breeds/bulldog-boston/n02096585_2828.jg"
"bulldog","boston","https://images.dog.ceo/breeds/bulldog-boston/n02096585_2900.jg"
"bulldog","boston","https://images.dog.ceo/breeds/bulldog-boston/n02096585_2947.jg"
"bulldog","boston","https://images.dog.ceo/breeds/bulldog-boston/n02096585_3105.jg"
"bulldog","boston","https://images.dog.ceo/breeds/bulldog-boston/n02096585_311.jg"
"bulldog","boston","https://images.dog.ceo/breeds/bulldog-boston/n02096585_318.jg"
"bulldog","boston","https://images.dog.ceo/breeds/bulldog-boston/n02096585_32.jg"
"bulldog","boston","https://images.dog.ceo/breeds/bulldog-boston/n02096585_341.jg"
"bulldog","boston","https://images.dog.ceo/breeds/bulldog-boston/n02096585_353.jg"
"bulldog","boston","https://images.dog.ceo/breeds/bulldog-boston/n02096585_3697.jg"
"bulldog","boston","https://images.dog.ceo/breeds/bulldog-boston/n02096585_3738.jg"
"bulldog","boston","https://images.dog.ceo/breeds/bulldog-boston/n02096585_3861.jg"
"bulldog","boston","https://images.dog.ceo/breeds/bulldog-boston/n02096585_4103.jg"
"bulldog","boston","https://images.dog.ceo/breeds/bulldog-boston/n02096585_4136.jg"
"bulldog","boston","https://images.dog.ceo/breeds/bulldog-boston/n02096585_414.jg"
"bulldog","boston","https://images.dog.ceo/breeds/bulldog-boston/n02096585_4321.jg"
"bulldog","boston","https://images.dog.ceo/breeds/bulldog-boston/n02096585_4418.jg"
"bulldog","boston","https://images.dog.ceo/breeds/bulldog-boston/n02096585_4451.jg"
"bulldog","boston","https://images.dog.ceo/breeds/bulldog-boston/n02096585_4534.jg"
"bulldog","boston","https://images.dog.ceo/breeds/bulldog-boston/n02096585_454.jg"
"bulldog","boston","https://images.dog.ceo/breeds/bulldog-boston/n02096585_4575.jg"
"bulldog","boston","https://images.dog.ceo/breeds/bulldog-boston/n02096585_4774.jg"
"bulldog","boston","https://images.dog.ceo/breeds/bulldog-boston/n02096585_4983.jg"
"bulldog","boston","https://images.dog.ceo/breeds/bulldog-boston/n02096585_5043.jg"
"bulldog","boston","https://images.dog.ceo/breeds/bulldog-boston/n02096585_507.jg"
"bulldog","boston","https://images.dog.ceo/breeds/bulldog-boston/n02096585_5104.jg"
"bulldog","boston","https://images.dog.ceo/breeds/bulldog-boston/n02096585_5171.jg"
"bulldog","boston","https://images.dog.ceo/breeds/bulldog-boston/n02096585_5260.jg"
"bulldog","boston","https://images.dog.ceo/breeds/bulldog-boston/n02096585_554.jg"
"bulldog","boston","https://images.dog.ceo/breeds/bulldog-boston/n02096585_5855.jg"
"bulldog","boston","https://images.dog.ceo/breeds/bulldog-boston/n02096585_5943.jg"
"bulldog","boston","https://images.dog.ceo/breeds/bulldog-boston/n02096585_5980.jg"
"bulldog","boston","https://images.dog.ceo/breeds/bulldog-boston/n02096585_6028.jg"
"bulldog","boston","https://images.dog.ceo/breeds/bulldog-boston/n02096585_6238.jg"
"bulldog","boston","https://images.dog.ceo/breeds/bulldog-boston/n02096585_6367.jg"
"bulldog","boston","https://images.dog.ceo/breeds/bulldog-boston/n02096585_6567.jg"
"bulldog","boston","https://images.dog.ceo/breeds/bulldog-boston/n02096585_657.jg"
"bulldog","boston","https://images.dog.ceo/breeds/bulldog-boston/n02096585_664.jg"
"bulldog","boston","https://images.dog.ceo/breeds/bulldog-boston/n02096585_6653.jg"
"bulldog","boston","https://images.dog.ceo/breeds/bulldog-boston/n02096585_670.jg"
"bulldog","boston","https://images.dog.ceo/breeds/bulldog-boston/n02096585_6766.jg"
"bulldog","boston","https://images.dog.ceo/breeds/bulldog-boston/n02096585_6855.jg"
"bulldog","boston","https://images.dog.ceo/breeds/bulldog-boston/n02096585_6874.jg"
"bulldog","boston","https://images.dog.ceo/breeds/bulldog-boston/n02096585_6940.jg"
"bulldog","boston","https://images.dog.ceo/breeds/bulldog-boston/n02096585_7314.jg"
"bulldog","boston","https://images.dog.ceo/breeds/bulldog-boston/n02096585_7542.jg"
"bulldog","boston","https://images.dog.ceo/breeds/bulldog-boston/n02096585_772.jg"
"bulldog","boston","https://images.dog.ceo/breeds/bulldog-boston/n02096585_7859.jg"
"bulldog","boston","https://images.dog.ceo/breeds/bulldog-boston/n02096585_7887.jg"
"bulldog","boston","https://images.dog.ceo/breeds/bulldog-boston/n02096585_7933.jg"
"bulldog","boston","https://images.dog.ceo/breeds/bulldog-boston/n02096585_8065.jg"
"bulldog","boston","https://images.dog.ceo/breeds/bulldog-boston/n02096585_8120.jg"
"bulldog","boston","https://images.dog.ceo/breeds/bulldog-boston/n02096585_8148.jg"
"bulldog","boston","https://images.dog.ceo/breeds/bulldog-boston/n02096585_8203.jg"
"bulldog","boston","https://images.dog.ceo/breeds/bulldog-boston/n02096585_8323.jg"
"bulldog","boston","https://images.dog.ceo/breeds/bulldog-boston/n02096585_8396.jg"
"bulldog","boston","https://images.dog.ceo/breeds/bulldog-boston/n02096585_8971.jg"
"bulldog","boston","https://images.dog.ceo/breeds/bulldog-boston/n02096585_904.jg"
"bulldog","boston","https://images.dog.ceo/breeds/bulldog-boston/n02096585_9122.jg"
"bulldog","boston","https://images.dog.ceo/breeds/bulldog-boston/n02096585_9153.jg"
"bulldog","boston","https://images.dog.ceo/breeds/bulldog-boston/n02096585_9343.jg"
"bulldog","boston","https://images.dog.ceo/breeds/bulldog-boston/n02096585_942.jg"
"bulldog","boston","https://images.dog.ceo/breeds/bulldog-boston/n02096585_9511.jg"
"bulldog","boston","https://images.dog.ceo/breeds/bulldog-boston/n02096585_9534.jg"
"bulldog","boston","https://images.dog.ceo/breeds/bulldog-boston/n02096585_956.jg"
"bulldog","boston","https://images.dog.ceo/breeds/bulldog-boston/n02096585_9681.jg"
"bulldog","boston","https://images.dog.ceo/breeds/bulldog-boston/n02096585_9725.jg"
"bulldog","boston","https://images.dog.ceo/breeds/bulldog-boston/n02096585_976.jg"
"bulldog","boston","https://images.dog.ceo/breeds/bulldog-boston/n02096585_9834.jg"
"bulldog","boston","https://images.dog.ceo/breeds/bulldog-boston/n02096585_9909.jg"
"bulldog","boston","https://images.dog.ceo/breeds/bulldog-boston/n02096585_9912.jg"
"bulldog","boston","https://images.dog.ceo/breeds/bulldog-boston/n02096585_994.jpg"
"bulldog","english","https://images.dog.ceo/breeds/bulldog-english/bunz.jg"
"bulldog","english","https://images.dog.ceo/breeds/bulldog-english/jager-1.jg"
"bulldog","english","https://images.dog.ceo/breeds/bulldog-english/jager-2.jg"
"bulldog","english","https://images.dog.ceo/breeds/bulldog-english/mami.jg"
"bulldog","english","https://images.dog.ceo/breeds/bulldog-english/murphy.jpg"
"bulldog","french","https://images.dog.ceo/breeds/bulldog-french/IMG_0846.jg"
"bulldog","french","https://images.dog.ceo/breeds/bulldog-french/IMG_1657.jg"
"bulldog","french","https://images.dog.ceo/breeds/bulldog-french/hunghung.jg"
"bulldog","french","https://images.dog.ceo/breeds/bulldog-french/n02108915_10204.jg"
"bulldog","french","https://images.dog.ceo/breeds/bulldog-french/n02108915_10564.jg"
"bulldog","french","https://images.dog.ceo/breeds/bulldog-french/n02108915_110.jg"
"bulldog","french","https://images.dog.ceo/breeds/bulldog-french/n02108915_1114.jg"
"bulldog","french","https://images.dog.ceo/breeds/bulldog-french/n02108915_1119.jg"
"bulldog","french","https://images.dog.ceo/breeds/bulldog-french/n02108915_11207.jg"
"bulldog","french","https://images.dog.ceo/breeds/bulldog-french/n02108915_11220.jg"
"bulldog","french","https://images.dog.ceo/breeds/bulldog-french/n02108915_11327.jg"
"bulldog","french","https://images.dog.ceo/breeds/bulldog-french/n02108915_1137.jg"
"bulldog","french","https://images.dog.ceo/breeds/bulldog-french/n02108915_11550.jg"
"bulldog","french","https://images.dog.ceo/breeds/bulldog-french/n02108915_11653.jg"
"bulldog","french","https://images.dog.ceo/breeds/bulldog-french/n02108915_1188.jg"
"bulldog","french","https://images.dog.ceo/breeds/bulldog-french/n02108915_12139.jg"
"bulldog","french","https://images.dog.ceo/breeds/bulldog-french/n02108915_12288.jg"
"bulldog","french","https://images.dog.ceo/breeds/bulldog-french/n02108915_12317.jg"
"bulldog","french","https://images.dog.ceo/breeds/bulldog-french/n02108915_12319.jg"
"bulldog","french","https://images.dog.ceo/breeds/bulldog-french/n02108915_12460.jg"
"bulldog","french","https://images.dog.ceo/breeds/bulldog-french/n02108915_12618.jg"
"bulldog","french","https://images.dog.ceo/breeds/bulldog-french/n02108915_1343.jg"
"bulldog","french","https://images.dog.ceo/breeds/bulldog-french/n02108915_142.jg"
"bulldog","french","https://images.dog.ceo/breeds/bulldog-french/n02108915_1513.jg"
"bulldog","french","https://images.dog.ceo/breeds/bulldog-french/n02108915_160.jg"
"bulldog","french","https://images.dog.ceo/breeds/bulldog-french/n02108915_1612.jg"
"bulldog","french","https://images.dog.ceo/breeds/bulldog-french/n02108915_1752.jg"
"bulldog","french","https://images.dog.ceo/breeds/bulldog-french/n02108915_1866.jg"
"bulldog","french","https://images.dog.ceo/breeds/bulldog-french/n02108915_1871.jg"
"bulldog","french","https://images.dog.ceo/breeds/bulldog-french/n02108915_1895.jg"
"bulldog","french","https://images.dog.ceo/breeds/bulldog-french/n02108915_1911.jg"
"bulldog","french","https://images.dog.ceo/breeds/bulldog-french/n02108915_1958.jg"
"bulldog","french","https://images.dog.ceo/breeds/bulldog-french/n02108915_198.jg"
"bulldog","french","https://images.dog.ceo/breeds/bulldog-french/n02108915_2118.jg"
"bulldog","french","https://images.dog.ceo/breeds/bulldog-french/n02108915_2166.jg"
"bulldog","french","https://images.dog.ceo/breeds/bulldog-french/n02108915_225.jg"
"bulldog","french","https://images.dog.ceo/breeds/bulldog-french/n02108915_2279.jg"
"bulldog","french","https://images.dog.ceo/breeds/bulldog-french/n02108915_2307.jg"
"bulldog","french","https://images.dog.ceo/breeds/bulldog-french/n02108915_2312.jg"
"bulldog","french","https://images.dog.ceo/breeds/bulldog-french/n02108915_2326.jg"
"bulldog","french","https://images.dog.ceo/breeds/bulldog-french/n02108915_2380.jg"
"bulldog","french","https://images.dog.ceo/breeds/bulldog-french/n02108915_2514.jg"
"bulldog","french","https://images.dog.ceo/breeds/bulldog-french/n02108915_2545.jg"
"bulldog","french","https://images.dog.ceo/breeds/bulldog-french/n02108915_2570.jg"
"bulldog","french","https://images.dog.ceo/breeds/bulldog-french/n02108915_2603.jg"
"bulldog","french","https://images.dog.ceo/breeds/bulldog-french/n02108915_2681.jg"
"bulldog","french","https://images.dog.ceo/breeds/bulldog-french/n02108915_2756.jg"
"bulldog","french","https://images.dog.ceo/breeds/bulldog-french/n02108915_2807.jg"
"bulldog","french","https://images.dog.ceo/breeds/bulldog-french/n02108915_2835.jg"
"bulldog","french","https://images.dog.ceo/breeds/bulldog-french/n02108915_2899.jg"
"bulldog","french","https://images.dog.ceo/breeds/bulldog-french/n02108915_2926.jg"
"bulldog","french","https://images.dog.ceo/breeds/bulldog-french/n02108915_2946.jg"
"bulldog","french","https://images.dog.ceo/breeds/bulldog-french/n02108915_2980.jg"
"bulldog","french","https://images.dog.ceo/breeds/bulldog-french/n02108915_3083.jg"
"bulldog","french","https://images.dog.ceo/breeds/bulldog-french/n02108915_3098.jg"
"bulldog","french","https://images.dog.ceo/breeds/bulldog-french/n02108915_3104.jg"
"bulldog","french","https://images.dog.ceo/breeds/bulldog-french/n02108915_311.jg"
"bulldog","french","https://images.dog.ceo/breeds/bulldog-french/n02108915_3129.jg"
"bulldog","french","https://images.dog.ceo/breeds/bulldog-french/n02108915_3140.jg"
"bulldog","french","https://images.dog.ceo/breeds/bulldog-french/n02108915_3153.jg"
"bulldog","french","https://images.dog.ceo/breeds/bulldog-french/n02108915_3202.jg"
"bulldog","french","https://images.dog.ceo/breeds/bulldog-french/n02108915_3219.jg"
"bulldog","french","https://images.dog.ceo/breeds/bulldog-french/n02108915_3258.jg"
"bulldog","french","https://images.dog.ceo/breeds/bulldog-french/n02108915_3266.jg"
"bulldog","french","https://images.dog.ceo/breeds/bulldog-french/n02108915_328.jg"
"bulldog","french","https://images.dog.ceo/breeds/bulldog-french/n02108915_3300.jg"
"bulldog","french","https://images.dog.ceo/breeds/bulldog-french/n02108915_3346.jg"
"bulldog","french","https://images.dog.ceo/breeds/bulldog-french/n02108915_3369.jg"
"bulldog","french","https://images.dog.ceo/breeds/bulldog-french/n02108915_3382.jg"
"bulldog","french","https://images.dog.ceo/breeds/bulldog-french/n02108915_3398.jg"
"bulldog","french","https://images.dog.ceo/breeds/bulldog-french/n02108915_341.jg"
"bulldog","french","https://images.dog.ceo/breeds/bulldog-french/n02108915_3464.jg"
"bulldog","french","https://images.dog.ceo/breeds/bulldog-french/n02108915_350.jg"
"bulldog","french","https://images.dog.ceo/breeds/bulldog-french/n02108915_3520.jg"
"bulldog","french","https://images.dog.ceo/breeds/bulldog-french/n02108915_3544.jg"
"bulldog","french","https://images.dog.ceo/breeds/bulldog-french/n02108915_3557.jg"
"bulldog","french","https://images.dog.ceo/breeds/bulldog-french/n02108915_3575.jg"
"bulldog","french","https://images.dog.ceo/breeds/bulldog-french/n02108915_3640.jg"
"bulldog","french","https://images.dog.ceo/breeds/bulldog-french/n02108915_3702.jg"
"bulldog","french","https://images.dog.ceo/breeds/bulldog-french/n02108915_3766.jg"
"bulldog","french","https://images.dog.ceo/breeds/bulldog-french/n02108915_38.jg"
"bulldog","french","https://images.dog.ceo/breeds/bulldog-french/n02108915_3880.jg"
"bulldog","french","https://images.dog.ceo/breeds/bulldog-french/n02108915_3913.jg"
"bulldog","french","https://images.dog.ceo/breeds/bulldog-french/n02108915_3988.jg"
"bulldog","french","https://images.dog.ceo/breeds/bulldog-french/n02108915_4133.jg"
"bulldog","french","https://images.dog.ceo/breeds/bulldog-french/n02108915_4160.jg"
"bulldog","french","https://images.dog.ceo/breeds/bulldog-french/n02108915_4176.jg"
"bulldog","french","https://images.dog.ceo/breeds/bulldog-french/n02108915_4193.jg"
"bulldog","french","https://images.dog.ceo/breeds/bulldog-french/n02108915_4214.jg"
"bulldog","french","https://images.dog.ceo/breeds/bulldog-french/n02108915_4303.jg"
"bulldog","french","https://images.dog.ceo/breeds/bulldog-french/n02108915_4372.jg"
"bulldog","french","https://images.dog.ceo/breeds/bulldog-french/n02108915_4474.jg"
"bulldog","french","https://images.dog.ceo/breeds/bulldog-french/n02108915_4477.jg"
"bulldog","french","https://images.dog.ceo/breeds/bulldog-french/n02108915_4500.jg"
"bulldog","french","https://images.dog.ceo/breeds/bulldog-french/n02108915_4603.jg"
"bulldog","french","https://images.dog.ceo/breeds/bulldog-french/n02108915_4731.jg"
"bulldog","french","https://images.dog.ceo/breeds/bulldog-french/n02108915_4776.jg"
"bulldog","french","https://images.dog.ceo/breeds/bulldog-french/n02108915_481.jg"
"bulldog","french","https://images.dog.ceo/breeds/bulldog-french/n02108915_4860.jg"
"bulldog","french","https://images.dog.ceo/breeds/bulldog-french/n02108915_4901.jg"
"bulldog","french","https://images.dog.ceo/breeds/bulldog-french/n02108915_4991.jg"
"bulldog","french","https://images.dog.ceo/breeds/bulldog-french/n02108915_5087.jg"
"bulldog","french","https://images.dog.ceo/breeds/bulldog-french/n02108915_5096.jg"
"bulldog","french","https://images.dog.ceo/breeds/bulldog-french/n02108915_5201.jg"
"bulldog","french","https://images.dog.ceo/breeds/bulldog-french/n02108915_5306.jg"
"bulldog","french","https://images.dog.ceo/breeds/bulldog-french/n02108915_5319.jg"
"bulldog","french","https://images.dog.ceo/breeds/bulldog-french/n02108915_5337.jg"
"bulldog","french","https://images.dog.ceo/breeds/bulldog-french/n02108915_5367.jg"
"bulldog","french","https://images.dog.ceo/breeds/bulldog-french/n02108915_5458.jg"
"bulldog","french","https://images.dog.ceo/breeds/bulldog-french/n02108915_553.jg"
"bulldog","french","https://images.dog.ceo/breeds/bulldog-french/n02108915_5596.jg"
"bulldog","french","https://images.dog.ceo/breeds/bulldog-french/n02108915_5667.jg"
"bulldog","french","https://images.dog.ceo/breeds/bulldog-french/n02108915_5669.jg"
"bulldog","french","https://images.dog.ceo/breeds/bulldog-french/n02108915_57.jg"
"bulldog","french","https://images.dog.ceo/breeds/bulldog-french/n02108915_571.jg"
"bulldog","french","https://images.dog.ceo/breeds/bulldog-french/n02108915_5813.jg"
"bulldog","french","https://images.dog.ceo/breeds/bulldog-french/n02108915_6008.jg"
"bulldog","french","https://images.dog.ceo/breeds/bulldog-french/n02108915_618.jg"
"bulldog","french","https://images.dog.ceo/breeds/bulldog-french/n02108915_6270.jg"
"bulldog","french","https://images.dog.ceo/breeds/bulldog-french/n02108915_644.jg"
"bulldog","french","https://images.dog.ceo/breeds/bulldog-french/n02108915_6462.jg"
"bulldog","french","https://images.dog.ceo/breeds/bulldog-french/n02108915_6521.jg"
"bulldog","french","https://images.dog.ceo/breeds/bulldog-french/n02108915_653.jg"
"bulldog","french","https://images.dog.ceo/breeds/bulldog-french/n02108915_656.jg"
"bulldog","french","https://images.dog.ceo/breeds/bulldog-french/n02108915_696.jg"
"bulldog","french","https://images.dog.ceo/breeds/bulldog-french/n02108915_7115.jg"
"bulldog","french","https://images.dog.ceo/breeds/bulldog-french/n02108915_716.jg"
"bulldog","french","https://images.dog.ceo/breeds/bulldog-french/n02108915_720.jg"
"bulldog","french","https://images.dog.ceo/breeds/bulldog-french/n02108915_7266.jg"
"bulldog","french","https://images.dog.ceo/breeds/bulldog-french/n02108915_759.jg"
"bulldog","french","https://images.dog.ceo/breeds/bulldog-french/n02108915_7608.jg"
"bulldog","french","https://images.dog.ceo/breeds/bulldog-french/n02108915_7806.jg"
"bulldog","french","https://images.dog.ceo/breeds/bulldog-french/n02108915_7883.jg"
"bulldog","french","https://images.dog.ceo/breeds/bulldog-french/n02108915_8258.jg"
"bulldog","french","https://images.dog.ceo/breeds/bulldog-french/n02108915_8425.jg"
"bulldog","french","https://images.dog.ceo/breeds/bulldog-french/n02108915_8604.jg"
"bulldog","french","https://images.dog.ceo/breeds/bulldog-french/n02108915_8696.jg"
"bulldog","french","https://images.dog.ceo/breeds/bulldog-french/n02108915_8923.jg"
"bulldog","french","https://images.dog.ceo/breeds/bulldog-french/n02108915_895.jg"
"bulldog","french","https://images.dog.ceo/breeds/bulldog-french/n02108915_9399.jg"
"bulldog","french","https://images.dog.ceo/breeds/bulldog-french/n02108915_9457.jg"
"bulldog","french","https://images.dog.ceo/breeds/bulldog-french/n02108915_9530.jg"
"bulldog","french","https://images.dog.ceo/breeds/bulldog-french/n02108915_971.jg"
"bulldog","french","https://images.dog.ceo/breeds/bulldog-french/n02108915_977.jg"
"bulldog","french","https://images.dog.ceo/breeds/bulldog-french/n02108915_9804.jg"
"bulldog","french","https://images.dog.ceo/breeds/bulldog-french/n02108915_9899.jpg"
"dingo","","https://images.dog.ceo/breeds/dingo/n02115641_10286.jpg"
"dingo","","https://images.dog.ceo/breeds/dingo/n02115641_10395.jpg"
"dingo","","https://images.dog.ceo/breeds/dingo/n02115641_10506.jpg"
"dingo","","https://images.dog.ceo/breeds/dingo/n02115641_10561.jpg"
"dingo","","https://images.dog.ceo/breeds/dingo/n02115641_10570.jpg"
"dingo","","https://images.dog.ceo/breeds/dingo/n02115641_10604.jpg"
"dingo","","https://images.dog.ceo/breeds/dingo/n02115641_11220.jpg"
"dingo","","https://images.dog.ceo/breeds/dingo/n02115641_1145.jpg"
"dingo","","https://images.dog.ceo/breeds/dingo/n02115641_1154.jpg"
"dingo","","https://images.dog.ceo/breeds/dingo/n02115641_11604.jpg"
"dingo","","https://images.dog.ceo/breeds/dingo/n02115641_11668.jpg"
"dingo","","https://images.dog.ceo/breeds/dingo/n02115641_11699.jpg"
"dingo","","https://images.dog.ceo/breeds/dingo/n02115641_11717.jpg"
"dingo","","https://images.dog.ceo/breeds/dingo/n02115641_12148.jpg"
"dingo","","https://images.dog.ceo/breeds/dingo/n02115641_1215.jpg"
"dingo","","https://images.dog.ceo/breeds/dingo/n02115641_1228.jpg"
"dingo","","https://images.dog.ceo/breeds/dingo/n02115641_12544.jpg"
"dingo","","https://images.dog.ceo/breeds/dingo/n02115641_12634.jpg"
"dingo","","https://images.dog.ceo/breeds/dingo/n02115641_12709.jpg"
"dingo","","https://images.dog.ceo/breeds/dingo/n02115641_12836.jpg"
"dingo","","https://images.dog.ceo/breeds/dingo/n02115641_12922.jpg"
"dingo","","https://images.dog.ceo/breeds/dingo/n02115641_12981.jpg"
"dingo","","https://images.dog.ceo/breeds/dingo/n02115641_13237.jpg"
"dingo","","https://images.dog.ceo/breeds/dingo/n02115641_13253.jpg"
"dingo","","https://images.dog.ceo/breeds/dingo/n02115641_13269.jpg"
"dingo","","https://images.dog.ceo/breeds/dingo/n02115641_1327.jpg"
"dingo","","https://images.dog.ceo/breeds/dingo/n02115641_13295.jpg"
"dingo","","https://images.dog.ceo/breeds/dingo/n02115641_13450.jpg"
"dingo","","https://images.dog.ceo/breeds/dingo/n02115641_13565.jpg"
"dingo","","https://images.dog.ceo/breeds/dingo/n02115641_136.jpg"
"dingo","","https://images.dog.ceo/breeds/dingo/n02115641_13605.jpg"
"dingo","","https://images.dog.ceo/breeds/dingo/n02115641_1380.jpg"
"dingo","","https://images.dog.ceo/breeds/dingo/n02115641_13839.jpg"
"dingo","","https://images.dog.ceo/breeds/dingo/n02115641_14084.jpg"
"dingo","","https://images.dog.ceo/breeds/dingo/n02115641_14117.jpg"
"dingo","","https://images.dog.ceo/breeds/dingo/n02115641_14495.jpg"
"dingo","","https://images.dog.ceo/breeds/dingo/n02115641_1513.jpg"
"dingo","","https://images.dog.ceo/breeds/dingo/n02115641_1560.jpg"
"dingo","","https://images.dog.ceo/breeds/dingo/n02115641_1574.jpg"
"dingo","","https://images.dog.ceo/breeds/dingo/n02115641_1674.jpg"
"dingo","","https://images.dog.ceo/breeds/dingo/n02115641_1940.jpg"
"dingo","","https://images.dog.ceo/breeds/dingo/n02115641_1969.jpg"
"dingo","","https://images.dog.ceo/breeds/dingo/n02115641_2041.jpg"
"dingo","","https://images.dog.ceo/breeds/dingo/n02115641_2096.jpg"
"dingo","","https://images.dog.ceo/breeds/dingo/n02115641_2424.jpg"
"dingo","","https://images.dog.ceo/breeds/dingo/n02115641_2440.jpg"
"dingo","","https://images.dog.ceo/breeds/dingo/n02115641_2500.jpg"
"dingo","","https://images.dog.ceo/breeds/dingo/n02115641_2513.jpg"
"dingo","","https://images.dog.ceo/breeds/dingo/n02115641_2636.jpg"
"dingo","","https://images.dog.ceo/breeds/dingo/n02115641_2701.jpg"
"dingo","","https://images.dog.ceo/breeds/dingo/n02115641_2764.jpg"
"dingo","","https://images.dog.ceo/breeds/dingo/n02115641_2788.jpg"
"dingo","","https://images.dog.ceo/breeds/dingo/n02115641_2871.jpg"
"dingo","","https://images.dog.ceo/breeds/dingo/n02115641_2953.jpg"
"dingo","","https://images.dog.ceo/breeds/dingo/n02115641_3110.jpg"
"dingo","","https://images.dog.ceo/breeds/dingo/n02115641_3214.jpg"
"dingo","","https://images.dog.ceo/breeds/dingo/n02115641_3360.jpg"
"dingo","","https://images.dog.ceo/breeds/dingo/n02115641_3494.jpg"
"dingo","","https://images.dog.ceo/breeds/dingo/n02115641_3736.jpg"
"dingo","","https://images.dog.ceo/breeds/dingo/n02115641_3862.jpg"
"dingo","","https://images.dog.ceo/breeds/dingo/n02115641_3977.jpg"
"dingo","","https://images.dog.ceo/breeds/dingo/n02115641_3995.jpg"
"dingo","","https://images.dog.ceo/breeds/dingo/n02115641_4262.jpg"
"dingo","","https://images.dog.ceo/breeds/dingo/n02115641_4265.jpg"
"dingo","","https://images.dog.ceo/breeds/dingo/n02115641_4527.jpg"
"dingo","","https://images.dog.ceo/breeds/dingo/n02115641_4563.jpg"
"dingo","","https://images.dog.ceo/breeds/dingo/n02115641_4601.jpg"
"dingo","","https://images.dog.ceo/breeds/dingo/n02115641_4607.jpg"
"dingo","","https://images.dog.ceo/breeds/dingo/n02115641_4674.jpg"
"dingo","","https://images.dog.ceo/breeds/dingo/n02115641_4677.jpg"
"dingo","","https://images.dog.ceo/breeds/dingo/n02115641_4692.jpg"
"dingo","","https://images.dog.ceo/breeds/dingo/n02115641_4737.jpg"
"dingo","","https://images.dog.ceo/breeds/dingo/n02115641_4800.jpg"
"dingo","","https://images.dog.ceo/breeds/dingo/n02115641_4818.jpg"
"dingo","","https://images.dog.ceo/breeds/dingo/n02115641_4830.jpg"
"dingo","","https://images.dog.ceo/breeds/dingo/n02115641_4851.jpg"
"dingo","","https://images.dog.ceo/breeds/dingo/n02115641_4951.jpg"
"dingo","","https://images.dog.ceo/breeds/dingo/n02115641_4970.jpg"
"dingo","","https://images.dog.ceo/breeds/dingo/n02115641_5033.jpg"
"dingo","","https://images.dog.ceo/breeds/dingo/n02115641_504.jpg"
"dingo","","https://images.dog.ceo/breeds/dingo/n02115641_5178.jpg"
"dingo","","https://images.dog.ceo/breeds/dingo/n02115641_5320.jpg"
"dingo","","https://images.dog.ceo/breeds/dingo/n02115641_5492.jpg"
"dingo","","https://images.dog.ceo/breeds/dingo/n02115641_5687.jpg"
"dingo","","https://images.dog.ceo/breeds/dingo/n02115641_5815.jpg"
"dingo","","https://images.dog.ceo/breeds/dingo/n02115641_5823.jpg"
"dingo","","https://images.dog.ceo/breeds/dingo/n02115641_592.jpg"
"dingo","","https://images.dog.ceo/breeds/dingo/n02115641_6183.jpg"
"dingo","","https://images.dog.ceo/breeds/dingo/n02115641_6228.jpg"
"dingo","","https://images.dog.ceo/breeds/dingo/n02115641_6250.jpg"
"dingo","","https://images.dog.ceo/breeds/dingo/n02115641_630.jpg"
"dingo","","https://images.dog.ceo/breeds/dingo/n02115641_6309.jpg"
"dingo","","https://images.dog.ceo/breeds/dingo/n02115641_6380.jpg"
"dingo","","https://images.dog.ceo/breeds/dingo/n02115641_6407.jpg"
"dingo","","https://images.dog.ceo/breeds/dingo/n02115641_6509.jpg"
"dingo","","https://images.dog.ceo/breeds/dingo/n02115641_6575.jpg"
"dingo","","https://images.dog.ceo/breeds/dingo/n02115641_6577.jpg"
"dingo","","https://images.dog.ceo/breeds/dingo/n02115641_6579.jpg"
"dingo","","https://images.dog.ceo/breeds/dingo/n02115641_6627.jpg"
"dingo","","https://images.dog.ceo/breeds/dingo/n02115641_6639.jpg"
"dingo","","https://images.dog.ceo/breeds/dingo/n02115641_670.jpg"
"dingo","","https://images.dog.ceo/breeds/dingo/n02115641_6707.jpg"
"dingo","","https://images.dog.ceo/breeds/dingo/n02115641_6716.jpg"
"dingo","","https://images.dog.ceo/breeds/dingo/n02115641_6747.jpg"
"dingo","","https://images.dog.ceo/breeds/dingo/n02115641_6772.jpg"
"dingo","","https://images.dog.ceo/breeds/dingo/n02115641_6844.jpg"
"dingo","","https://images.dog.ceo/breeds/dingo/n02115641_6974.jpg"
"dingo","","https://images.dog.ceo/breeds/dingo/n02115641_7013.jpg"
"dingo","","https://images.dog.ceo/breeds/dingo/n02115641_7071.jpg"
"dingo","","https://images.dog.ceo/breeds/dingo/n02115641_7106.jpg"
"dingo","","https://images.dog.ceo/breeds/dingo/n02115641_7109.jpg"
"dingo","","https://images.dog.ceo/breeds/dingo/n02115641_7119.jpg"
"dingo","","https://images.dog.ceo/breeds/dingo/n02115641_7158.jpg"
"dingo","","https://images.dog.ceo/breeds/dingo/n02115641_7181.jpg"
"dingo","","https://images.dog.ceo/breeds/dingo/n02115641_7203.jpg"
"dingo","","https://images.dog.ceo/breeds/dingo/n02115641_7222.jpg"
"dingo","","https://images.dog.ceo/breeds/dingo/n02115641_7237.jpg"
"dingo","","https://images.dog.ceo/breeds/dingo/n02115641_726.jpg"
"dingo","","https://images.dog.ceo/breeds/dingo/n02115641_7355.jpg"
"dingo","","https://images.dog.ceo/breeds/dingo/n02115641_7400.jpg"
"dingo","","https://images.dog.ceo/breeds/dingo/n02115641_7549.jpg"
"dingo","","https://images.dog.ceo/breeds/dingo/n02115641_7620.jpg"
"dingo","","https://images.dog.ceo/breeds/dingo/n02115641_7679.jpg"
"dingo","","https://images.dog.ceo/breeds/dingo/n02115641_7898.jpg"
"dingo","","https://images.dog.ceo/breeds/dingo/n02115641_8150.jpg"
"dingo","","https://images.dog.ceo/breeds/dingo/n02115641_8168.jpg"
"dingo","","https://images.dog.ceo/breeds/dingo/n02115641_8463.jpg"
"dingo","","https://images.dog.ceo/breeds/dingo/n02115641_8474.jpg"
"dingo","","https://images.dog.ceo/breeds/dingo/n02115641_8492.jpg"
"dingo","","https://images.dog.ceo/breeds/dingo/n02115641_8578.jpg"
"dingo","","https://images.dog.ceo/breeds/dingo/n02115641_8682.jpg"
"dingo","","https://images.dog.ceo/breeds/dingo/n02115641_8746.jpg"
"dingo","","https://images.dog.ceo/breeds/dingo/n02115641_877.jpg"
"dingo","","https://images.dog.ceo/breeds/dingo/n02115641_8798.jpg"
"dingo","","https://images.dog.ceo/breeds/dingo/n02115641_8871.jpg"
"dingo","","https://images.dog.ceo/breeds/dingo/n02115641_9065.jpg"
"dingo","","https://images.dog.ceo/breeds/dingo/n02115641_9067.jpg"
"dingo","","https://images.dog.ceo/breeds/dingo/n02115641_9110.jpg"
"dingo","","https://images.dog.ceo/breeds/dingo/n02115641_925.jpg"
"dingo","","https://images.dog.ceo/breeds/dingo/n02115641_9272.jpg"
"dingo","","https://images.dog.ceo/breeds/dingo/n02115641_9348.jpg"
"dingo","","https://images.dog.ceo/breeds/dingo/n02115641_9396.jpg"
"dingo","","https://images.dog.ceo/breeds/dingo/n02115641_9455.jpg"
"dingo","","https://images.dog.ceo/breeds/dingo/n02115641_9675.jpg"
"dingo","","https://images.dog.ceo/breeds/dingo/n02115641_9686.jpg"
"dingo","","https://images.dog.ceo/breeds/dingo/n02115641_970.jpg"
"dingo","","https://images.dog.ceo/breeds/dingo/n02115641_9763.jpg"
"dingo","","https://images.dog.ceo/breeds/dingo/n02115641_9977.jpg"